file,kind,rows,columns,nonzero_cells
invention_modifiers/army/colonial_modifiers.csv,colonial,1,74,1
invention_modifiers/army/diplomacy_modifiers.csv,diplomacy,0,74,0
invention_modifiers/army/economic_modifiers.csv,economic,0,74,0
invention_modifiers/army/factory_goods_modifiers.csv,factory_goods,0,74,0
invention_modifiers/army/military_modifiers.csv,military,6,74,47
invention_modifiers/army/other_modifiers.csv,other,0,74,0
invention_modifiers/army/per_unit_land_modifiers.csv,per_unit_land,47,74,253
invention_modifiers/army/per_unit_naval_modifiers.csv,per_unit_naval,0,74,0
invention_modifiers/army/population_modifiers.csv,population,0,74,0
invention_modifiers/army/prestige_modifiers.csv,prestige,0,74,0
invention_modifiers/army/rebels_modifiers.csv,rebels,0,74,0
invention_modifiers/army/research_modifiers.csv,research,0,74,0
invention_modifiers/army/rgo_goods_modifiers.csv,rgo_goods,0,74,0
invention_modifiers/commerce/colonial_modifiers.csv,colonial,0,90,0
invention_modifiers/commerce/diplomacy_modifiers.csv,diplomacy,0,90,0
invention_modifiers/commerce/economic_modifiers.csv,economic,7,90,53
invention_modifiers/commerce/factory_goods_modifiers.csv,factory_goods,0,90,0
invention_modifiers/commerce/military_modifiers.csv,military,0,90,0
invention_modifiers/commerce/other_modifiers.csv,other,0,90,0
invention_modifiers/commerce/per_unit_land_modifiers.csv,per_unit_land,0,90,0
invention_modifiers/commerce/per_unit_naval_modifiers.csv,per_unit_naval,0,90,0
invention_modifiers/commerce/population_modifiers.csv,population,0,90,0
invention_modifiers/commerce/prestige_modifiers.csv,prestige,1,90,34
invention_modifiers/commerce/rebels_modifiers.csv,rebels,0,90,0
invention_modifiers/commerce/research_modifiers.csv,research,0,90,0
invention_modifiers/commerce/rgo_goods_modifiers.csv,rgo_goods,0,90,0
invention_modifiers/culture/colonial_modifiers.csv,colonial,3,82,4
invention_modifiers/culture/diplomacy_modifiers.csv,diplomacy,1,82,1
invention_modifiers/culture/economic_modifiers.csv,economic,0,82,0
invention_modifiers/culture/factory_goods_modifiers.csv,factory_goods,0,82,0
invention_modifiers/culture/military_modifiers.csv,military,4,82,11
invention_modifiers/culture/other_modifiers.csv,other,0,82,0
invention_modifiers/culture/per_unit_land_modifiers.csv,per_unit_land,0,82,0
invention_modifiers/culture/per_unit_naval_modifiers.csv,per_unit_naval,0,82,0
invention_modifiers/culture/population_modifiers.csv,population,0,82,0
invention_modifiers/culture/prestige_modifiers.csv,prestige,1,82,35
invention_modifiers/culture/rebels_modifiers.csv,rebels,7,82,17
invention_modifiers/culture/research_modifiers.csv,research,2,82,17
invention_modifiers/culture/rgo_goods_modifiers.csv,rgo_goods,0,82,0
invention_modifiers/industry/colonial_modifiers.csv,colonial,1,68,1
invention_modifiers/industry/diplomacy_modifiers.csv,diplomacy,0,68,0
invention_modifiers/industry/economic_modifiers.csv,economic,6,68,16
invention_modifiers/industry/factory_goods_modifiers.csv,factory_goods,22,68,35
invention_modifiers/industry/military_modifiers.csv,military,2,68,10
invention_modifiers/industry/other_modifiers.csv,other,0,68,0
invention_modifiers/industry/per_unit_land_modifiers.csv,per_unit_land,0,68,0
invention_modifiers/industry/per_unit_naval_modifiers.csv,per_unit_naval,0,68,0
invention_modifiers/industry/population_modifiers.csv,population,1,68,4
invention_modifiers/industry/prestige_modifiers.csv,prestige,1,68,1
invention_modifiers/industry/rebels_modifiers.csv,rebels,0,68,0
invention_modifiers/industry/research_modifiers.csv,research,0,68,0
invention_modifiers/industry/rgo_goods_modifiers.csv,rgo_goods,17,68,36
invention_modifiers/navy/colonial_modifiers.csv,colonial,0,73,0
invention_modifiers/navy/diplomacy_modifiers.csv,diplomacy,0,73,0
invention_modifiers/navy/economic_modifiers.csv,economic,0,73,0
invention_modifiers/navy/factory_goods_modifiers.csv,factory_goods,2,73,2
invention_modifiers/navy/military_modifiers.csv,military,6,73,50
invention_modifiers/navy/other_modifiers.csv,other,0,73,0
invention_modifiers/navy/per_unit_land_modifiers.csv,per_unit_land,0,73,0
invention_modifiers/navy/per_unit_naval_modifiers.csv,per_unit_naval,17,73,51
invention_modifiers/navy/population_modifiers.csv,population,0,73,0
invention_modifiers/navy/prestige_modifiers.csv,prestige,0,73,0
invention_modifiers/navy/rebels_modifiers.csv,rebels,0,73,0
invention_modifiers/navy/research_modifiers.csv,research,0,73,0
invention_modifiers/navy/rgo_goods_modifiers.csv,rgo_goods,1,73,1
tech_modifiers/army/colonial_modifiers.csv,colonial,0,30,0
tech_modifiers/army/diplomacy_modifiers.csv,diplomacy,0,30,0
tech_modifiers/army/economic_modifiers.csv,economic,0,30,0
tech_modifiers/army/factory_goods_modifiers.csv,factory_goods,0,30,0
tech_modifiers/army/military_modifiers.csv,military,8,30,55
tech_modifiers/army/other_modifiers.csv,other,1,30,2
tech_modifiers/army/per_unit_land_modifiers.csv,per_unit_land,5,30,19
tech_modifiers/army/per_unit_naval_modifiers.csv,per_unit_naval,0,30,0
tech_modifiers/army/population_modifiers.csv,population,0,30,0
tech_modifiers/army/prestige_modifiers.csv,prestige,0,30,0
tech_modifiers/army/rebels_modifiers.csv,rebels,0,30,0
tech_modifiers/army/research_modifiers.csv,research,0,30,0
tech_modifiers/army/rgo_goods_modifiers.csv,rgo_goods,0,30,0
tech_modifiers/commerce/colonial_modifiers.csv,colonial,0,30,0
tech_modifiers/commerce/diplomacy_modifiers.csv,diplomacy,1,30,6
tech_modifiers/commerce/economic_modifiers.csv,economic,6,30,30
tech_modifiers/commerce/factory_goods_modifiers.csv,factory_goods,0,30,0
tech_modifiers/commerce/military_modifiers.csv,military,0,30,0
tech_modifiers/commerce/other_modifiers.csv,other,0,30,0
tech_modifiers/commerce/per_unit_land_modifiers.csv,per_unit_land,0,30,0
tech_modifiers/commerce/per_unit_naval_modifiers.csv,per_unit_naval,0,30,0
tech_modifiers/commerce/population_modifiers.csv,population,0,30,0
tech_modifiers/commerce/prestige_modifiers.csv,prestige,0,30,0
tech_modifiers/commerce/rebels_modifiers.csv,rebels,0,30,0
tech_modifiers/commerce/research_modifiers.csv,research,0,30,0
tech_modifiers/commerce/rgo_goods_modifiers.csv,rgo_goods,0,30,0
tech_modifiers/culture/colonial_modifiers.csv,colonial,1,30,6
tech_modifiers/culture/diplomacy_modifiers.csv,diplomacy,2,30,2
tech_modifiers/culture/economic_modifiers.csv,economic,0,30,0
tech_modifiers/culture/factory_goods_modifiers.csv,factory_goods,0,30,0
tech_modifiers/culture/military_modifiers.csv,military,2,30,12
tech_modifiers/culture/other_modifiers.csv,other,0,30,0
tech_modifiers/culture/per_unit_land_modifiers.csv,per_unit_land,0,30,0
tech_modifiers/culture/per_unit_naval_modifiers.csv,per_unit_naval,0,30,0
tech_modifiers/culture/population_modifiers.csv,population,1,30,6
tech_modifiers/culture/prestige_modifiers.csv,prestige,1,30,6
tech_modifiers/culture/rebels_modifiers.csv,rebels,0,30,0
tech_modifiers/culture/research_modifiers.csv,research,2,30,12
tech_modifiers/culture/rgo_goods_modifiers.csv,rgo_goods,0,30,0
tech_modifiers/industry/colonial_modifiers.csv,colonial,0,30,0
tech_modifiers/industry/diplomacy_modifiers.csv,diplomacy,0,30,0
tech_modifiers/industry/economic_modifiers.csv,economic,6,30,26
tech_modifiers/industry/factory_goods_modifiers.csv,factory_goods,1,30,1
tech_modifiers/industry/military_modifiers.csv,military,1,30,5
tech_modifiers/industry/other_modifiers.csv,other,0,30,0
tech_modifiers/industry/per_unit_land_modifiers.csv,per_unit_land,0,30,0
tech_modifiers/industry/per_unit_naval_modifiers.csv,per_unit_naval,0,30,0
tech_modifiers/industry/population_modifiers.csv,population,0,30,0
tech_modifiers/industry/prestige_modifiers.csv,prestige,0,30,0
tech_modifiers/industry/rebels_modifiers.csv,rebels,0,30,0
tech_modifiers/industry/research_modifiers.csv,research,0,30,0
tech_modifiers/industry/rgo_goods_modifiers.csv,rgo_goods,8,30,24
tech_modifiers/navy/colonial_modifiers.csv,colonial,1,30,1
tech_modifiers/navy/diplomacy_modifiers.csv,diplomacy,0,30,0
tech_modifiers/navy/economic_modifiers.csv,economic,0,30,0
tech_modifiers/navy/factory_goods_modifiers.csv,factory_goods,0,30,0
tech_modifiers/navy/military_modifiers.csv,military,5,30,27
tech_modifiers/navy/other_modifiers.csv,other,0,30,0
tech_modifiers/navy/per_unit_land_modifiers.csv,per_unit_land,0,30,0
tech_modifiers/navy/per_unit_naval_modifiers.csv,per_unit_naval,0,30,0
tech_modifiers/navy/population_modifiers.csv,population,0,30,0
tech_modifiers/navy/prestige_modifiers.csv,prestige,0,30,0
tech_modifiers/navy/rebels_modifiers.csv,rebels,0,30,0
tech_modifiers/navy/research_modifiers.csv,research,0,30,0
tech_modifiers/navy/rgo_goods_modifiers.csv,rgo_goods,0,30,0
westernisation_modifiers/economic/colonial_modifiers.csv,colonial,0,15,0
westernisation_modifiers/economic/diplomacy_modifiers.csv,diplomacy,0,15,0
westernisation_modifiers/economic/economic_modifiers.csv,economic,7,15,12
westernisation_modifiers/economic/factory_goods_modifiers.csv,factory_goods,0,15,0
westernisation_modifiers/economic/military_modifiers.csv,military,0,15,0
westernisation_modifiers/economic/other_modifiers.csv,other,0,15,0
westernisation_modifiers/economic/per_unit_land_modifiers.csv,per_unit_land,0,15,0
westernisation_modifiers/economic/per_unit_naval_modifiers.csv,per_unit_naval,0,15,0
westernisation_modifiers/economic/population_modifiers.csv,population,0,15,0
westernisation_modifiers/economic/prestige_modifiers.csv,prestige,0,15,0
westernisation_modifiers/economic/rebels_modifiers.csv,rebels,1,15,7
westernisation_modifiers/economic/research_modifiers.csv,research,3,15,17
westernisation_modifiers/economic/rgo_goods_modifiers.csv,rgo_goods,0,15,0
westernisation_modifiers/military/colonial_modifiers.csv,colonial,0,16,0
westernisation_modifiers/military/diplomacy_modifiers.csv,diplomacy,0,16,0
westernisation_modifiers/military/economic_modifiers.csv,economic,1,16,1
westernisation_modifiers/military/factory_goods_modifiers.csv,factory_goods,0,16,0
westernisation_modifiers/military/military_modifiers.csv,military,8,16,11
westernisation_modifiers/military/other_modifiers.csv,other,0,16,0
westernisation_modifiers/military/per_unit_land_modifiers.csv,per_unit_land,0,16,0
westernisation_modifiers/military/per_unit_naval_modifiers.csv,per_unit_naval,0,16,0
westernisation_modifiers/military/population_modifiers.csv,population,0,16,0
westernisation_modifiers/military/prestige_modifiers.csv,prestige,0,16,0
westernisation_modifiers/military/rebels_modifiers.csv,rebels,1,16,8
westernisation_modifiers/military/research_modifiers.csv,research,2,16,16
westernisation_modifiers/military/rgo_goods_modifiers.csv,rgo_goods,0,16,0
